user,hour,"logon_count",baseline
alice,20,25,"11.478260869565217"
sam,14,25,"11.916666666666666"
tom,15,26,"12.166666666666666"
